{"file:///c%3A/Users/mi/Desktop/PROYECTOS/REFACTOR/getway/package.json":{"language":"JSON","code":39,"comment":0,"blank":1},"file:///c%3A/Users/mi/Desktop/PROYECTOS/REFACTOR/getway/tsconfig.json":{"language":"JSON with Comments","code":14,"comment":0,"blank":1},"file:///c%3A/Users/mi/Desktop/PROYECTOS/REFACTOR/getway/src/utils/instanceError.ts":{"language":"TypeScript","code":12,"comment":0,"blank":1},"file:///c%3A/Users/mi/Desktop/PROYECTOS/REFACTOR/getway/src/services.ts":{"language":"TypeScript","code":10,"comment":0,"blank":1},"file:///c%3A/Users/mi/Desktop/PROYECTOS/REFACTOR/getway/src/server.ts":{"language":"TypeScript","code":24,"comment":0,"blank":5},"file:///c%3A/Users/mi/Desktop/PROYECTOS/REFACTOR/getway/src/services/proxy.service.ts":{"language":"TypeScript","code":67,"comment":0,"blank":7},"file:///c%3A/Users/mi/Desktop/PROYECTOS/REFACTOR/getway/src/routes/v1.routes.ts":{"language":"TypeScript","code":23,"comment":0,"blank":3},"file:///c%3A/Users/mi/Desktop/PROYECTOS/REFACTOR/getway/src/errors/AuthenticationError.ts":{"language":"TypeScript","code":2,"comment":0,"blank":2},"file:///c%3A/Users/mi/Desktop/PROYECTOS/REFACTOR/getway/src/middlewares/morgan-middleware.ts":{"language":"TypeScript","code":11,"comment":0,"blank":2},"file:///c%3A/Users/mi/Desktop/PROYECTOS/REFACTOR/getway/src/middlewares/logger-middleware.ts":{"language":"TypeScript","code":27,"comment":0,"blank":3},"file:///c%3A/Users/mi/Desktop/PROYECTOS/REFACTOR/getway/src/middlewares/error-handler.ts":{"language":"TypeScript","code":48,"comment":0,"blank":5},"file:///c%3A/Users/mi/Desktop/PROYECTOS/REFACTOR/getway/src/enum/services.enum.ts":{"language":"TypeScript","code":5,"comment":0,"blank":1},"file:///c%3A/Users/mi/Desktop/PROYECTOS/REFACTOR/getway/src/enum/redirect.enum.ts":{"language":"TypeScript","code":5,"comment":0,"blank":1},"file:///c%3A/Users/mi/Desktop/PROYECTOS/REFACTOR/getway/src/errors/types.d.ts":{"language":"TypeScript","code":1,"comment":0,"blank":1},"file:///c%3A/Users/mi/Desktop/PROYECTOS/REFACTOR/getway/src/errors/EntityNotFoundError.ts":{"language":"TypeScript","code":3,"comment":0,"blank":2},"file:///c%3A/Users/mi/Desktop/PROYECTOS/REFACTOR/getway/src/errors/customError.ts":{"language":"TypeScript","code":20,"comment":0,"blank":3},"file:///c%3A/Users/mi/Desktop/PROYECTOS/REFACTOR/getway/src/app.ts":{"language":"TypeScript","code":8,"comment":0,"blank":3},"file:///c%3A/Users/mi/Desktop/PROYECTOS/REFACTOR/getway/nodemon.json":{"language":"JSON","code":6,"comment":0,"blank":1},"file:///c%3A/Users/mi/Desktop/PROYECTOS/REFACTOR/getway/src/config/logger.ts":{"language":"TypeScript","code":63,"comment":0,"blank":3},"file:///c%3A/Users/mi/Desktop/PROYECTOS/REFACTOR/getway/src/config/constants.ts":{"language":"TypeScript","code":2,"comment":0,"blank":1},"file:///c%3A/Users/mi/Desktop/PROYECTOS/REFACTOR/getway/Dockerfile":{"language":"Docker","code":19,"comment":0,"blank":9},"file:///c%3A/Users/mi/Desktop/PROYECTOS/REFACTOR/getway/src/config/config.ts":{"language":"TypeScript","code":40,"comment":0,"blank":5}}