{"file:///c%3A/Users/mi/Desktop/PROYECTOS/REFACTOR/auth/tsconfig.json":{"language":"JSON with Comments","code":35,"comment":0,"blank":1},"file:///c%3A/Users/mi/Desktop/PROYECTOS/REFACTOR/auth/src/server.ts":{"language":"TypeScript","code":39,"comment":0,"blank":5},"file:///c%3A/Users/mi/Desktop/PROYECTOS/REFACTOR/auth/src/app.ts":{"language":"TypeScript","code":17,"comment":1,"blank":3},"file:///c%3A/Users/mi/Desktop/PROYECTOS/REFACTOR/auth/src/modules/user/user.routes.ts":{"language":"TypeScript","code":38,"comment":2,"blank":7},"file:///c%3A/Users/mi/Desktop/PROYECTOS/REFACTOR/auth/src/public/templates/emails/verification.html":{"language":"HTML","code":102,"comment":0,"blank":3},"file:///c%3A/Users/mi/Desktop/PROYECTOS/REFACTOR/auth/src/modules/client/client.routes.ts":{"language":"TypeScript","code":4,"comment":3,"blank":4},"file:///c%3A/Users/mi/Desktop/PROYECTOS/REFACTOR/auth/src/modules/routes.ts":{"language":"TypeScript","code":5,"comment":0,"blank":3},"file:///c%3A/Users/mi/Desktop/PROYECTOS/REFACTOR/auth/Dockerfile":{"language":"Docker","code":16,"comment":0,"blank":8},"file:///c%3A/Users/mi/Desktop/PROYECTOS/REFACTOR/auth/src/modules/user/controller/logout.ts":{"language":"TypeScript","code":2,"comment":0,"blank":2},"file:///c%3A/Users/mi/Desktop/PROYECTOS/REFACTOR/auth/src/modules/user/controller/refresh.ts":{"language":"TypeScript","code":0,"comment":0,"blank":1},"file:///c%3A/Users/mi/Desktop/PROYECTOS/REFACTOR/auth/src/modules/authentication/authentication.routes.ts":{"language":"TypeScript","code":20,"comment":8,"blank":5},"file:///c%3A/Users/mi/Desktop/PROYECTOS/REFACTOR/auth/src/modules/authentication/google/services/validatedAcount.service.ts":{"language":"TypeScript","code":12,"comment":16,"blank":2},"file:///c%3A/Users/mi/Desktop/PROYECTOS/REFACTOR/auth/src/modules/client/controller/verificated.ts":{"language":"TypeScript","code":0,"comment":25,"blank":5},"file:///c%3A/Users/mi/Desktop/PROYECTOS/REFACTOR/auth/src/modules/client/controller/JWT.client.ts":{"language":"TypeScript","code":0,"comment":65,"blank":4},"file:///c%3A/Users/mi/Desktop/PROYECTOS/REFACTOR/auth/src/modules/authentication/google/controllers/handleGoogleAuthCallback.ts":{"language":"TypeScript","code":32,"comment":0,"blank":3},"file:///c%3A/Users/mi/Desktop/PROYECTOS/REFACTOR/auth/src/infraestructure/types/responseS.type.ts":{"language":"TypeScript","code":6,"comment":0,"blank":1},"file:///c%3A/Users/mi/Desktop/PROYECTOS/REFACTOR/auth/package.json":{"language":"JSON","code":59,"comment":0,"blank":3},"file:///c%3A/Users/mi/Desktop/PROYECTOS/REFACTOR/auth/src/infraestructure/types/openid.types.ts":{"language":"TypeScript","code":18,"comment":0,"blank":2},"file:///c%3A/Users/mi/Desktop/PROYECTOS/REFACTOR/auth/src/infraestructure/types/jwt.ts":{"language":"TypeScript","code":14,"comment":0,"blank":2},"file:///c%3A/Users/mi/Desktop/PROYECTOS/REFACTOR/auth/src/infraestructure/types/oauth.types.ts":{"language":"TypeScript","code":20,"comment":0,"blank":3},"file:///c%3A/Users/mi/Desktop/PROYECTOS/REFACTOR/auth/src/infraestructure/types/internal.types.ts":{"language":"TypeScript","code":10,"comment":0,"blank":3},"file:///c%3A/Users/mi/Desktop/PROYECTOS/REFACTOR/auth/src/infraestructure/types/auth.error.type.ts":{"language":"TypeScript","code":0,"comment":0,"blank":1},"file:///c%3A/Users/mi/Desktop/PROYECTOS/REFACTOR/auth/src/infraestructure/test/setup.ts":{"language":"TypeScript","code":6,"comment":1,"blank":3},"file:///c%3A/Users/mi/Desktop/PROYECTOS/REFACTOR/auth/src/infraestructure/types/auth/google.types.ts":{"language":"TypeScript","code":9,"comment":0,"blank":3},"file:///c%3A/Users/mi/Desktop/PROYECTOS/REFACTOR/auth/src/infraestructure/test/integration/user.test.ts":{"language":"TypeScript","code":72,"comment":4,"blank":18},"file:///c%3A/Users/mi/Desktop/PROYECTOS/REFACTOR/auth/src/infraestructure/lib/index.ts":{"language":"TypeScript","code":0,"comment":0,"blank":1},"file:///c%3A/Users/mi/Desktop/PROYECTOS/REFACTOR/auth/src/infraestructure/lib/passport/strategies/google.strategy.ts":{"language":"TypeScript","code":18,"comment":0,"blank":3},"file:///c%3A/Users/mi/Desktop/PROYECTOS/REFACTOR/auth/src/infraestructure/lib/passport/passport.config.ts":{"language":"TypeScript","code":6,"comment":0,"blank":3},"file:///c%3A/Users/mi/Desktop/PROYECTOS/REFACTOR/auth/src/infraestructure/lib/email/services/conection.email.ts":{"language":"TypeScript","code":45,"comment":0,"blank":6},"file:///c%3A/Users/mi/Desktop/PROYECTOS/REFACTOR/auth/src/infraestructure/lib/email/services/config.service.ts":{"language":"TypeScript","code":17,"comment":0,"blank":2},"file:///c%3A/Users/mi/Desktop/PROYECTOS/REFACTOR/auth/src/infraestructure/lib/email/modules/sendEmail.ts":{"language":"TypeScript","code":17,"comment":0,"blank":2},"file:///c%3A/Users/mi/Desktop/PROYECTOS/REFACTOR/auth/src/infraestructure/lib/passport/formaterData.ts":{"language":"TypeScript","code":36,"comment":0,"blank":4},"file:///c%3A/Users/mi/Desktop/PROYECTOS/REFACTOR/auth/src/infraestructure/lib/email/types/config.email.d.ts":{"language":"TypeScript","code":13,"comment":0,"blank":1},"file:///c%3A/Users/mi/Desktop/PROYECTOS/REFACTOR/auth/src/infraestructure/midlweware/validated.ts":{"language":"TypeScript","code":25,"comment":0,"blank":2},"file:///c%3A/Users/mi/Desktop/PROYECTOS/REFACTOR/auth/src/infraestructure/midlweware/check-permission.ts":{"language":"TypeScript","code":33,"comment":1,"blank":4},"file:///c%3A/Users/mi/Desktop/PROYECTOS/REFACTOR/auth/src/infraestructure/midlweware/authentication.ts":{"language":"TypeScript","code":38,"comment":0,"blank":3},"file:///c%3A/Users/mi/Desktop/PROYECTOS/REFACTOR/auth/src/infraestructure/midlweware/auth.response.ts":{"language":"TypeScript","code":26,"comment":1,"blank":5},"file:///c%3A/Users/mi/Desktop/PROYECTOS/REFACTOR/auth/src/infraestructure/global.d.ts":{"language":"TypeScript","code":31,"comment":0,"blank":2},"file:///c%3A/Users/mi/Desktop/PROYECTOS/REFACTOR/auth/src/infraestructure/helpers/jwt.ts":{"language":"TypeScript","code":42,"comment":0,"blank":6},"file:///c%3A/Users/mi/Desktop/PROYECTOS/REFACTOR/auth/src/infraestructure/helpers/jwt.decript.ts":{"language":"TypeScript","code":40,"comment":0,"blank":7},"file:///c%3A/Users/mi/Desktop/PROYECTOS/REFACTOR/auth/src/infraestructure/helpers/permission-checker.ts":{"language":"TypeScript","code":24,"comment":0,"blank":3},"file:///c%3A/Users/mi/Desktop/PROYECTOS/REFACTOR/auth/src/infraestructure/helpers/handler.error.ts":{"language":"TypeScript","code":49,"comment":0,"blank":7},"file:///c%3A/Users/mi/Desktop/PROYECTOS/REFACTOR/auth/src/infraestructure/helpers/getIp.ts":{"language":"TypeScript","code":3,"comment":0,"blank":2},"file:///c%3A/Users/mi/Desktop/PROYECTOS/REFACTOR/auth/src/infraestructure/helpers/encript.ts":{"language":"TypeScript","code":43,"comment":0,"blank":7},"file:///c%3A/Users/mi/Desktop/PROYECTOS/REFACTOR/auth/src/infraestructure/CONSTANTS/status.ts":{"language":"TypeScript","code":13,"comment":0,"blank":1},"file:///c%3A/Users/mi/Desktop/PROYECTOS/REFACTOR/auth/src/infraestructure/helpers/bycript.ts":{"language":"TypeScript","code":11,"comment":0,"blank":3},"file:///c%3A/Users/mi/Desktop/PROYECTOS/REFACTOR/auth/src/infraestructure/CONSTANTS/http.ts":{"language":"TypeScript","code":20,"comment":0,"blank":3},"file:///c%3A/Users/mi/Desktop/PROYECTOS/REFACTOR/auth/src/infraestructure/CONSTANTS/index.ts":{"language":"TypeScript","code":0,"comment":0,"blank":1},"file:///c%3A/Users/mi/Desktop/PROYECTOS/REFACTOR/auth/src/infraestructure/config/response.ts":{"language":"TypeScript","code":87,"comment":0,"blank":16},"file:///c%3A/Users/mi/Desktop/PROYECTOS/REFACTOR/auth/src/infraestructure/config/config.ts":{"language":"TypeScript","code":15,"comment":0,"blank":1},"file:///c%3A/Users/mi/Desktop/PROYECTOS/REFACTOR/auth/jsdoc.json":{"language":"JSON","code":12,"comment":0,"blank":0},"file:///c%3A/Users/mi/Desktop/PROYECTOS/REFACTOR/auth/jest.config.ts":{"language":"TypeScript","code":11,"comment":0,"blank":1}}